gt_mix-1.mp4 , 57e76.mp4
gt_vocal-1.mp4 , 173e3.mp4
our-1.mp4 , 61f06.mp4
jy3-1.mp4 , 5896a.mp4
gt_mix-5.mp4 , 53497.mp4
gt_vocal-5.mp4 , 4105a.mp4
our-5.mp4 , 8c4de.mp4
jy3-5.mp4 , b80df.mp4
gt_mix-9.mp4 , 4ed89.mp4
gt_vocal-9.mp4 , 3e44f.mp4
our-9.mp4 , 6079a.mp4
jy3-9.mp4 , 4a9e9.mp4
gt_mix-13.mp4 , 36154.mp4
gt_vocal-13.mp4 , 4299c.mp4
our-13.mp4 , 29f6a.mp4
jy3-13.mp4 , 2e298.mp4
gt_mix-17.mp4 , 6e91e.mp4
gt_vocal-17.mp4 , 01e06.mp4
our-17.mp4 , dccd6.mp4
jy3-17.mp4 , 89c6e.mp4
gt_mix-21.mp4 , b2d4c.mp4
gt_vocal-21.mp4 , b6b54.mp4
our-21.mp4 , 9907d.mp4
jy3-21.mp4 , f63d8.mp4
gt_mix-25.mp4 , 88d55.mp4
gt_vocal-25.mp4 , 30cc0.mp4
our-25.mp4 , 5a96e.mp4
jy3-25.mp4 , 0199f.mp4
gt_mix-29.mp4 , b82ba.mp4
gt_vocal-29.mp4 , ad570.mp4
our-29.mp4 , 1e1d4.mp4
jy3-29.mp4 , 0dc7c.mp4
gt_mix-33.mp4 , 5f4c9.mp4
gt_vocal-33.mp4 , 09d08.mp4
our-33.mp4 , 384cf.mp4
jy3-33.mp4 , e907f.mp4
gt_mix-37.mp4 , 8667e.mp4
gt_vocal-37.mp4 , 556cc.mp4
our-37.mp4 , 5645d.mp4
jy3-37.mp4 , 00523.mp4
gt_mix-3.mp4 , 3b322.mp4
gt_vocal-3.mp4 , b5776.mp4
our-3.mp4 , 97354.mp4
jy3-3.mp4 , 94725.mp4
gt_mix-7.mp4 , 95629.mp4
gt_vocal-7.mp4 , 4ad41.mp4
our-7.mp4 , 8df2e.mp4
jy3-7.mp4 , 8295b.mp4
gt_mix-11.mp4 , d496c.mp4
gt_vocal-11.mp4 , abc16.mp4
our-11.mp4 , 44b68.mp4
jy3-11.mp4 , 656ed.mp4
gt_mix-15.mp4 , 94d9e.mp4
gt_vocal-15.mp4 , 94a0a.mp4
our-15.mp4 , 42ade.mp4
jy3-15.mp4 , e7adb.mp4
gt_mix-19.mp4 , cc0bd.mp4
gt_vocal-19.mp4 , 51c8d.mp4
our-19.mp4 , 25c55.mp4
jy3-19.mp4 , efc7e.mp4
gt_mix-23.mp4 , 09660.mp4
gt_vocal-23.mp4 , a6363.mp4
our-23.mp4 , 99028.mp4
jy3-23.mp4 , 2a009.mp4
gt_mix-27.mp4 , 37b01.mp4
gt_vocal-27.mp4 , 10c09.mp4
our-27.mp4 , 502a9.mp4
jy3-27.mp4 , a2ccb.mp4
gt_mix-31.mp4 , 36d17.mp4
gt_vocal-31.mp4 , ed51a.mp4
our-31.mp4 , 8221c.mp4
jy3-31.mp4 , d76f4.mp4
gt_mix-35.mp4 , f5cc5.mp4
gt_vocal-35.mp4 , dfd17.mp4
our-35.mp4 , e362e.mp4
jy3-35.mp4 , 4853c.mp4
gt_mix-39.mp4 , e4c60.mp4
gt_vocal-39.mp4 , 1171c.mp4
our-39.mp4 , 05b0a.mp4
jy3-39.mp4 , a996d.mp4
tak-1.mp4 , 67571.mp4
tak-5.mp4 , ab2b5.mp4
tak-9.mp4 , 101d3.mp4
tak-13.mp4 , 25801.mp4
tak-17.mp4 , eb8f0.mp4
tak-21.mp4 , 27907.mp4
tak-25.mp4 , 478aa.mp4
tak-29.mp4 , 185c7.mp4
tak-33.mp4 , 2d0b9.mp4
tak-37.mp4 , 3e124.mp4
tak-3.mp4 , 6d7c0.mp4
tak-7.mp4 , 03d64.mp4
tak-11.mp4 , a6b93.mp4
tak-15.mp4 , e52b7.mp4
tak-19.mp4 , 6371d.mp4
tak-23.mp4 , a7ed7.mp4
tak-27.mp4 , 3e93c.mp4
tak-31.mp4 , e57f5.mp4
tak-35.mp4 , d8e05.mp4
tak-39.mp4 , d39d6.mp4