gt_mix-1.mp4, 57e76, -KaWyb-hpwE
gt_mix-3.mp4, 3b322, 3_rvS6h_hag
gt_mix-5.mp4, 53497, W6Or9lqAOs4
gt_mix-7.mp4, 95629, vAiiSasMcTY
gt_mix-9.mp4, 4ed89, Yr4lk2e05qs
gt_mix-11.mp4, d496c, NQ5Ib-dZsIo
gt_mix-13.mp4, 36154, K0BQ9qxMevo
gt_mix-15.mp4, 94d9e, G2E1944r4Zg
gt_mix-17.mp4, 6e91e, Fo_15lR3qvg
gt_mix-19.mp4, cc0bd, fAwix8DjATY
gt_mix-21.mp4, b2d4c, TeKIAuVZA3o
gt_mix-23.mp4, 09660, E5tilRyrDaE
gt_mix-25.mp4, 88d55, lV5rJNqb-jk
gt_mix-27.mp4, 37b01, 4Qlz9jUsQpM
gt_mix-29.mp4, b82ba, AGjW0KazcOI
gt_mix-31.mp4, 36d17, XXaIstuKi9I
gt_mix-33.mp4, 5f4c9, VQ9iqiPasQM
gt_mix-35.mp4, f5cc5, vYKSI24gEdc
gt_mix-37.mp4, 8667e, Pt5bqyMcJ8w
gt_mix-39.mp4, e4c60, 8KhB9esgIp8

gt_vocal-1.mp4, 173e3, XlSNb4bMm_k
gt_vocal-3.mp4, b5776, jCox4Sqjp90
gt_vocal-5.mp4, 4105a, 9tOmEzSGN9g
gt_vocal-7.mp4, 4ad41, DPGMS6zk1I0
gt_vocal-9.mp4, 3e44f, -JK1111yuqE
gt_vocal-11.mp4, abc16, vLwY0i__Y6I
gt_vocal-13.mp4, 4299c, P_p7zIhrtfA
gt_vocal-15.mp4, 94a0a, tQDnBxq96yE
gt_vocal-17.mp4, 01e06, 6Krfy9eJPXo
gt_vocal-19.mp4, 51c8d, fj4x5EgMMRs
gt_vocal-21.mp4, b6b54, 5OxdxdjX7kQ
gt_vocal-23.mp4, a6363, qDZamotC5wk
gt_vocal-25.mp4, 30cc0, Isjs0VlhAYw
gt_vocal-27.mp4, 10c09, KcUvUjtjmhE
gt_vocal-29.mp4, ad570, bdfWdwDEeT4
gt_vocal-31.mp4, ed51a, DWWGRw-6ykE
gt_vocal-33.mp4, 09d08, 4UrEqgkDe6k
gt_vocal-35.mp4, dfd17, w0S0ah5FpeY
gt_vocal-37.mp4, 556cc, cF0f1I7ocMw
gt_vocal-39.mp4, 1171c, qpuydeBISGI

jy3-1.mp4, 5896a, JFfg7_NvvAg
jy3-3.mp4, 94725, i6nFqRe5sk8
jy3-5.mp4, b80df, P5-hbJ5-myQ
jy3-7.mp4, 8295b, tcBZMmr5Puw
jy3-9.mp4, 4a9e9, i6s-J9tsagk
jy3-11.mp4, 656ed, anoH1COSQu8
jy3-13.mp4, 2e298, I-PnMY4SGjo
jy3-15.mp4, e7adb, nJH6EuOTx2Q
jy3-17.mp4, 89c6e, F4yk0giWnkw
jy3-19.mp4, efc7e, Ir26ulU9iMc
jy3-21.mp4, f63d8, iieos1K6IOA
jy3-23.mp4, 2a009, _w4s6fp3xzY
jy3-25.mp4, 0199f, qUyZc1jmEXU
jy3-27.mp4, a2ccb, c9aC67jy7ng
jy3-29.mp4, 0dc7c, nSJ6TNrwP-8
jy3-31.mp4, d76f4, YsRgGjOkENo
jy3-33.mp4, e907f, IxSeeH4r1Xg
jy3-35.mp4, 4853c, e-StaTEnvT8
jy3-37.mp4, 00523, 5hIENjdRCrU
jy3-39.mp4, a996d, S8PcBRv7q94

our-1.mp4, 61f06, jybr1S5ZIYk
our-3.mp4, 97354, 6U0RaQd9qUE
our-5.mp4, 8c4de, 0FHwZr_hhpg
our-7.mp4, 8df2e, 1KLQtTTyx_U
our-9.mp4, 6079a, BXyZgewl2_c
our-11.mp4, 44b68, ZSn0Rf956Dw
our-13.mp4, 29f6a, V4KrdEJVwHU
our-15.mp4, 42ade, UH_cynkrFhg
our-17.mp4, dccd6, Yk-cNh-ffkU
our-19.mp4, 25c55, pGoY8bynT7w
our-21.mp4, 9907d, J5nK7ms-uDc
our-23.mp4, 99028, HrHdY5OLWxk
our-25.mp4, 5a96e, qVBYkMI5yeo
our-27.mp4, 502a9, eDHrcu1EmAQ
our-29.mp4, 1e1d4, HqZbTT1OvH0
our-31.mp4, 8221c, aXw1fmitTxw
our-33.mp4, 384cf, 8VT-qEQHdz8
our-35.mp4, e362e, RWZAEjWaH8I
our-37.mp4, 5645d, xq9ssavo07I
our-39.mp4, 05b0a, jp3pzyitF5I

tak-1.mp4, 67571, tBHvDAvcVoo
tak-3.mp4, 6d7c0, O2dXWWgyjkg
tak-5.mp4, ab2b5, ShPh7WNv7dQ
tak-7.mp4, 03d64, KFLodEyqWy0
tak-9.mp4, 101d3, VeJX5i6dukk
tak-11.mp4, a6b93, 7tVfMMCQVXE
tak-13.mp4, 25801, VewMseS3TTw
tak-15.mp4, e52b7, 2vPJnyGoww4
tak-17.mp4, eb8f0, dok4Oc0e4AA
tak-19.mp4, 6371d, 6K9EjJPjtMA
tak-21.mp4, 27907, U9ouExIDL7A
tak-23.mp4, a7ed7, IsT2XJK7I5I
tak-25.mp4, 478aa, ug_w6cb9ruw
tak-27.mp4, 3e93c, lwMYfnNAbX4
tak-29.mp4, 185c7, aK1KM1awvis
tak-31.mp4, e57f5, VPdTS33oI9A
tak-33.mp4, 2d0b9, 95WLNfR29Pw
tak-35.mp4, d8e05, MvcCTdgvvck
tak-37.mp4, 3e124, pBqosDH78Uw
tak-39.mp4, d39d6, LFaG1bhfkHU