f5cc5 , vYKSI24gEdc
efc7e , Ir26ulU9iMc
ed51a , DWWGRw-6ykE
eb8f0 , dok4Oc0e4AA
e907f , IxSeeH4r1Xg
e362e , RWZAEjWaH8I
e57f5 , VPdTS33oI9A
e52b7 , 2vPJnyGoww4
e7adb , nJH6EuOTx2Q
e4c60 , 8KhB9esgIp8
dfd17 , w0S0ah5FpeY
dccd6 , Yk-cNh-ffkU
d496c , NQ5Ib-dZsIo
d76f4 , YsRgGjOkENo
d39d6 , LFaG1bhfkHU
d8e05 , MvcCTdgvvck
cc0bd , fAwix8DjATY
b5776 , jCox4Sqjp90
b82ba , AGjW0KazcOI
b80df , P5-hbJ5-myQ
b6b54 , 5OxdxdjX7kQ
b2d4c , TeKIAuVZA3o
ad570 , bdfWdwDEeT4
abc16 , vLwY0i__Y6I
ab2b5 , ShPh7WNv7dQ
a6363 , qDZamotC5wk
a996d , S8PcBRv7q94
a7ed7 , IsT2XJK7I5I
a6b93 , 7tVfMMCQVXE
a2ccb , c9aC67jy7ng
99028 , HrHdY5OLWxk
97354 , 6U0RaQd9qUE
95629 , vAiiSasMcTY
94725 , i6nFqRe5sk8
67571 , tBHvDAvcVoo
53497 , W6Or9lqAOs4
36154 , K0BQ9qxMevo
27907 , U9ouExIDL7A
25801 , VewMseS3TTw
9907d , J5nK7ms-uDc
09660 , E5tilRyrDaE
8667e , Pt5bqyMcJ8w
8295b , tcBZMmr5Puw
8221c , aXw1fmitTxw
6371d , 6K9EjJPjtMA
6079a , BXyZgewl2_c
5896a , JFfg7_NvvAg
5645d , xq9ssavo07I
4853c , e-StaTEnvT8
4299c , P_p7zIhrtfA
4105a , 9tOmEzSGN9g
1171c , qpuydeBISGI
656ed , anoH1COSQu8
556cc , cF0f1I7ocMw
00523 , 5hIENjdRCrU
502a9 , eDHrcu1EmAQ
478aa , ug_w6cb9ruw
384cf , 8VT-qEQHdz8
0199f , qUyZc1jmEXU
185c7 , aK1KM1awvis
173e3 , XlSNb4bMm_k
101d3 , VeJX5i6dukk
94d9e , G2E1944r4Zg
94a0a , tQDnBxq96yE
89c6e , F4yk0giWnkw
88d55 , lV5rJNqb-jk
61f06 , jybr1S5ZIYk
57e76 , -KaWyb-hpwE
51c8d , fj4x5EgMMRs
44b68 , ZSn0Rf956Dw
42ade , UH_cynkrFhg
37b01 , 4Qlz9jUsQpM
36d17 , XXaIstuKi9I
30cc0 , Isjs0VlhAYw
29f6a , V4KrdEJVwHU
25c55 , pGoY8bynT7w
10c09 , KcUvUjtjmhE
09d08 , 4UrEqgkDe6k
8df2e , 1KLQtTTyx_U
8c4de , 0FHwZr_hhpg
6e91e , Fo_15lR3qvg
6d7c0 , O2dXWWgyjkg
5f4c9 , VQ9iqiPasQM
05b0a , jp3pzyitF5I
5a96e , qVBYkMI5yeo
4ed89 , Yr4lk2e05qs
4ad41 , DPGMS6zk1I0
4a9e9 , i6s-J9tsagk
3e124 , pBqosDH78Uw
3e93c , lwMYfnNAbX4
3e44f , -JK1111yuqE
03d64 , KFLodEyqWy0
3b322 , 3_rvS6h_hag
2e298 , I-PnMY4SGjo
2d0b9 , 95WLNfR29Pw
2a009 , _w4s6fp3xzY
01e06 , 6Krfy9eJPXo
1e1d4 , HqZbTT1OvH0
0dc7c , nSJ6TNrwP-8